<?xml version="1.0" encoding="UTF-8"?>
<project-private xmlns="http://www.netbeans.org/ns/project-private/1">
    <editor-bookmarks xmlns="http://www.netbeans.org/ns/editor-bookmarks/2" lastBookmarkId="0"/>
    <open-files xmlns="http://www.netbeans.org/ns/projectui-open-files/2">
        <group>
            <file>file:/C:/Users/huxna/Documents/NetBeansProjects/garment/src/garment/returnItem.java</file>
            <file>file:/C:/Users/huxna/Documents/NetBeansProjects/garment/src/garment/JohnGarments.java</file>
            <file>file:/C:/Users/huxna/Documents/NetBeansProjects/garment/src/garment/Search_bill.java</file>
            <file>file:/C:/Users/huxna/Documents/NetBeansProjects/garment/src/garment/SupplierView.java</file>
            <file>file:/C:/Users/huxna/Documents/NetBeansProjects/garment/src/images/gem_shop_icon.png</file>
            <file>file:/C:/Users/huxna/Documents/NetBeansProjects/garment/src/images/users.png</file>
            <file>file:/C:/Users/huxna/Documents/NetBeansProjects/garment/src/garment/JohnBackup.java</file>
            <file>file:/C:/Users/huxna/Documents/NetBeansProjects/garment/src/garment/JohnCalculator.java</file>
            <file>file:/C:/Users/huxna/Documents/NetBeansProjects/garment/src/images/jeans.jpg</file>
            <file>file:/C:/Users/huxna/Documents/NetBeansProjects/garment/src/images/returnitem.png</file>
            <file>file:/C:/Users/huxna/Documents/NetBeansProjects/garment/src/connection/DbConnection.java</file>
            <file>file:/C:/Users/huxna/Documents/NetBeansProjects/garment/src/garment/Supplier.java</file>
            <file>file:/C:/Users/huxna/Documents/NetBeansProjects/garment/src/garment/JohnLoginView.java</file>
            <file>file:/C:/Users/huxna/Documents/NetBeansProjects/garment/src/images/shirt.jpg</file>
            <file>file:/C:/Users/huxna/Documents/NetBeansProjects/garment/src/images/diamond.png</file>
            <file>file:/C:/Users/huxna/Documents/NetBeansProjects/garment/src/garment/ReturnView.java</file>
            <file>file:/C:/Users/huxna/Documents/NetBeansProjects/garment/src/garment/Login.java</file>
            <file>file:/C:/Users/huxna/Documents/NetBeansProjects/garment/src/connection/SqlConnection.java</file>
            <file>file:/C:/Users/huxna/Documents/NetBeansProjects/garment/src/images/cal.png</file>
            <file>file:/C:/Users/huxna/Documents/NetBeansProjects/garment/src/images/other.png</file>
            <file>file:/C:/Users/huxna/Documents/NetBeansProjects/garment/src/images/logo.jpg</file>
            <file>file:/C:/Users/huxna/Documents/NetBeansProjects/garment/src/garment/Calculator.java</file>
            <file>file:/C:/Users/huxna/Documents/NetBeansProjects/garment/src/images/jeans-2-1590000721.jpg</file>
            <file>file:/C:/Users/huxna/Documents/NetBeansProjects/garment/src/garment/Mainframe.java</file>
            <file>file:/C:/Users/huxna/Documents/NetBeansProjects/garment/src/images/diamond_hand.png</file>
            <file>file:/C:/Users/huxna/Documents/NetBeansProjects/garment/src/garment/JohnFindBillView.java</file>
            <file>file:/C:/Users/huxna/Documents/NetBeansProjects/garment/src/garment/Backups.java</file>
            <file>file:/C:/Users/huxna/Documents/NetBeansProjects/garment/src/images/discount.png</file>
            <file>file:/C:/Users/huxna/Documents/NetBeansProjects/garment/src/garment/Items.java</file>
        </group>
    </open-files>
</project-private>
